raw_identity,pid
1,1015
2,1016
3,1017
7,1018
8,1019
9,1020
10,1021
11,1022
12,1023
15,1024
16,1025
17,1026
18,1027
19,1028
104,1029
107,1030
113,1031
116,1032
122,1033
127,1034
128,1035
131,1036
137,1037
205,1038
206,1039
207,1040
213,1041
215,1042
224,1043
225,1044
226,1045
228,1046
229,1047
230,1048
231,1049
235,1050
238,1051
239,1052
242,1053
253,1054
260,1055
263,1056
301,1057
302,1058
304,1059
305,1060
306,1061
307,1062
308,1063
309,1064
310,1065
311,1066
312,1067
313,1068
314,1069
315,1070
316,1071
317,1072
318,1073
320,1074
321,1075
323,1076
324,1077
325,1078
326,1079
327,1080
328,1081
329,1082
330,1083
331,1084
332,1085
334,1086
335,1087
402,1088
403,1089
404,1090
405,1091
406,1092
407,1093
410,1094
412,1095
414,1096
415,1097
416,1098
417,1099
419,1100
420,1101
421,1102
423,1103
425,1104
426,1105
427,1106
428,1107
429,1108
430,1109
431,1110
432,1111
433,1112
434,1113
435,1114
436,1115
437,1116
438,1117
439,1118
440,1119
442,1120
443,1121
444,1122
445,1123
446,1124
447,1125
448,1126
449,1127
452,1128
456,1129
504,1130
507,1131
508,1132
510,1133
511,1134
512,1135
513,1136
515,1137
516,1138
518,1139
801,1140
804,1141
806,1142
807,1143
808,1144
809,1145
810,1146
811,1147
814,1148
818,1149
819,1150
820,1151
822,1152
823,1153
1005,1154
1007,1155
1009,1156
1010,1157
1013,1158
1015,1159
1017,1160
1018,1161
1019,1162
1111,1163
1121,1164
1126,1165
1128,1166
1129,1167
1132,1168
1133,1169
1134,1170
1135,1171
1136,1172
1137,1173
